vehicle_age,odometer_km,days_since_service,battery_voltage,engine_temp,brake_wear_pct,tire_pressure_avg,oil_life_pct,maintenance_required
4.8,64366,83,12.13,90.4,57.7,27.8,52.8,0
11.4,141303,45,13.0,93.7,26.7,31.8,76.3,0
8.9,132236,27,11.78,85.4,98.0,36.4,75.9,1
7.4,87720,238,12.72,99.3,91.2,27.6,2.0,1
2.3,37779,56,12.22,97.8,77.1,29.1,55.1,0
2.3,31184,107,12.22,94.8,73.3,32.9,35.3,0
1.2,26066,57,12.71,90.2,69.1,29.3,78.2,0
10.5,156343,343,12.5,94.8,44.8,30.0,6.0,1
7.4,96375,77,12.61,86.4,26.9,31.1,57.6,0
8.6,131742,93,12.79,96.6,98.0,28.1,43.3,1
0.7,14981,249,12.2,101.7,22.3,29.4,2.0,1
11.7,163461,236,12.07,98.0,53.2,34.8,2.0,1
10.1,159798,37,11.86,86.3,53.4,28.3,87.9,0
2.9,51887,220,11.98,93.3,19.0,27.4,9.3,1
2.6,42593,95,13.2,82.6,88.4,30.5,47.5,0
2.6,36837,98,12.91,94.7,98.0,34.8,39.5,0
4.0,60487,46,11.74,93.9,39.5,31.9,79.7,0
6.5,58481,41,11.75,78.8,30.4,31.0,71.3,0
5.5,64021,156,12.57,83.4,25.0,32.6,16.8,0
3.8,70088,109,12.6,89.2,40.0,26.9,58.8,0
7.5,146259,82,12.6,89.0,28.4,34.1,67.3,0
2.1,33779,179,12.24,83.1,49.5,33.7,12.1,0
3.9,63487,198,12.29,93.5,53.2,31.2,2.0,1
4.7,72240,57,12.5,92.6,58.6,35.7,73.6,0
5.7,128004,133,12.39,89.7,98.0,28.9,44.1,1
9.5,166244,44,11.35,86.1,97.1,36.1,74.2,1
2.8,42949,168,12.25,97.8,93.3,33.0,29.5,1
6.4,83101,155,11.97,101.8,83.4,31.4,35.4,1
7.3,78457,365,12.43,87.9,86.3,32.4,16.6,1
1.0,18994,35,13.2,87.0,62.6,32.2,85.6,0
7.5,97595,26,12.52,94.2,5.0,36.4,92.9,0
2.5,33358,51,12.21,88.7,52.7,29.1,88.6,0
1.2,18792,65,12.76,90.1,34.3,30.1,72.0,0
11.4,132254,43,12.57,95.8,98.0,35.8,73.5,0
11.6,213707,297,12.54,78.6,80.9,30.6,2.0,1
9.8,166636,53,12.62,99.6,83.1,35.4,75.9,1
4.0,63273,45,13.2,91.5,26.2,37.9,64.6,0
1.6,34528,185,11.84,88.3,48.9,31.2,6.1,1
8.4,127534,77,12.56,90.4,93.7,34.7,72.5,1
5.6,74334,185,11.93,90.8,55.2,28.8,2.0,1
1.9,40579,42,12.6,79.7,66.0,34.9,94.3,0
6.2,104015,86,11.94,100.7,32.9,33.1,68.2,0
0.9,13861,43,12.16,91.3,40.3,34.0,73.9,0
11.0,151082,17,12.22,93.9,34.3,30.4,96.9,0
3.5,45213,279,12.79,97.2,5.0,27.2,2.0,1
8.1,88055,52,12.76,84.4,93.8,34.1,86.3,0
4.1,72893,105,11.79,94.1,57.5,25.9,57.3,0
6.5,131160,72,12.37,89.3,75.3,31.5,50.0,0
6.8,73604,70,12.03,96.5,55.0,35.5,70.9,0
2.6,43434,273,11.78,77.2,98.0,33.1,2.0,1
11.7,149770,42,12.25,90.4,36.7,38.7,79.8,0
9.4,129803,141,12.21,87.1,90.5,35.8,22.2,1
11.3,146047,401,13.2,93.8,12.6,30.4,17.5,1
10.8,133818,132,12.54,94.1,95.2,32.6,44.4,0
7.4,106489,329,11.73,86.4,10.5,32.3,2.0,1
11.1,135546,48,12.1,86.4,5.0,27.4,62.7,0
1.5,32166,83,12.81,90.3,88.6,29.5,54.6,0
2.8,47928,77,13.2,85.2,5.0,30.7,65.8,0
1.0,15712,157,11.64,96.5,27.9,26.0,23.9,1
4.2,59370,450,11.5,88.6,35.9,32.7,12.5,1
5.0,69524,60,13.19,75.0,69.5,31.7,77.9,0
3.6,66468,140,12.53,88.6,42.3,27.1,39.7,0
10.0,158626,56,11.96,84.2,44.2,33.8,75.3,0
4.6,59314,126,12.59,80.4,8.2,34.8,23.1,0
3.7,59068,79,11.16,83.0,32.5,33.2,58.5,0
6.7,114372,409,12.35,91.7,78.7,31.5,10.6,1
2.1,23956,138,12.5,99.6,56.6,34.4,30.5,0
9.7,151604,81,12.77,93.0,36.6,34.7,64.5,0
1.4,21218,57,11.89,87.1,51.0,33.5,68.3,0
11.8,190429,55,12.39,94.0,23.0,29.9,62.2,0
9.4,117046,71,11.93,88.0,50.3,33.4,63.3,0
2.8,33813,66,12.46,86.5,85.0,36.3,70.1,0
0.6,15356,230,11.95,83.5,36.8,30.6,2.0,1
9.9,142228,104,12.17,79.6,16.3,39.2,45.6,0
8.6,133788,119,11.9,88.5,85.6,30.8,31.1,1
8.9,109836,46,12.64,92.0,59.7,32.6,88.2,0
9.4,155078,228,12.74,90.4,52.6,30.3,2.0,1
1.4,16724,164,12.24,88.3,30.5,33.2,32.5,0
4.6,71490,51,12.37,84.9,70.9,26.9,89.8,0
1.8,28812,163,11.7,95.0,58.1,30.8,17.7,0
10.4,138527,111,12.22,82.4,5.0,29.0,34.4,0
7.7,115726,35,12.33,96.0,48.1,32.9,61.6,0
4.3,56991,85,13.2,84.5,5.4,35.7,42.8,0
1.2,22992,96,11.85,86.1,56.8,34.6,38.3,0
4.1,76274,43,13.01,81.5,47.5,24.9,92.3,0
4.2,59805,332,12.8,87.7,18.2,39.0,2.0,1
8.9,145284,246,12.48,97.3,5.0,33.4,3.9,1
7.8,96975,146,13.14,94.4,14.5,30.0,4.8,0
10.7,171534,107,12.52,97.4,79.4,33.0,34.5,1
5.9,111812,98,12.53,94.4,44.6,33.1,59.9,0
1.9,18392,133,12.33,83.8,28.4,30.4,36.4,0
8.7,111766,120,12.9,88.8,34.3,33.1,38.5,0
9.2,147981,34,12.84,85.9,34.4,30.6,88.6,0
7.0,101045,120,12.07,99.6,17.9,31.2,56.4,0
9.4,142669,198,11.76,83.2,20.8,30.3,2.0,1
6.2,84434,101,12.26,96.8,77.0,27.9,50.2,0
6.5,102565,37,11.99,96.8,30.1,33.0,83.4,0
5.4,76112,190,12.32,102.9,84.8,34.4,28.9,1
0.8,23223,40,12.91,88.3,58.6,34.1,59.0,0
1.7,30733,66,12.14,95.6,63.3,35.1,73.8,0
0.9,21753,56,12.33,105.8,51.4,33.5,70.9,0
7.8,109670,65,12.38,87.0,40.8,30.8,73.2,0
4.1,59131,188,12.73,81.0,31.5,35.2,2.0,1
6.3,89922,104,11.34,78.8,95.9,28.2,47.5,1
10.9,172932,60,12.08,95.6,82.3,29.6,77.1,1
3.4,48826,248,12.45,78.8,11.0,29.4,31.1,0
5.2,81469,274,12.89,88.6,69.1,36.0,8.1,1
9.2,183661,245,12.13,93.8,5.0,35.5,2.0,1
3.1,59118,53,11.51,92.2,14.7,34.1,69.3,0
1.4,26363,78,12.63,93.8,39.4,35.9,56.5,0
3.8,73541,450,12.06,92.4,48.8,29.7,2.0,1
2.4,36040,191,11.81,99.3,82.0,33.6,2.0,1
11.2,108200,22,12.07,84.8,29.7,32.1,96.3,0
9.8,115388,47,12.27,86.6,62.6,35.2,63.8,0
7.8,78928,79,12.08,86.0,75.8,32.1,71.0,0
10.5,140105,287,11.36,96.4,5.0,31.3,4.9,1
9.7,141436,107,12.75,96.9,22.2,34.2,39.2,0
2.6,53057,86,12.92,93.9,27.6,35.3,55.6,0
10.8,164669,27,12.64,98.7,54.0,30.4,100.0,0
6.7,97727,142,11.84,83.3,22.2,32.3,36.3,0
9.8,162397,217,12.26,101.8,50.6,29.1,2.0,1
10.8,97132,77,12.35,100.9,17.0,24.5,59.1,0
4.2,64548,193,12.62,95.8,28.3,33.1,4.3,0
1.8,33107,398,12.65,102.6,52.1,34.4,2.0,1
3.1,35978,35,12.02,80.2,75.4,33.3,61.5,0
5.4,93824,108,12.39,87.6,7.0,26.3,66.4,0
9.9,153912,81,12.56,86.2,37.3,31.4,61.1,0
10.4,142127,201,13.01,95.7,5.0,25.4,4.0,1
0.6,15993,129,12.67,84.2,30.7,36.9,34.9,0
6.4,131119,132,12.71,95.9,94.6,29.0,26.6,1
5.3,81651,213,12.39,99.9,80.9,36.5,2.0,1
3.1,53561,93,12.98,95.5,21.2,35.5,37.5,0
1.9,30294,300,12.53,92.8,59.3,29.6,22.8,1
4.4,57878,128,11.96,84.6,42.7,28.9,23.7,0
11.3,184561,33,12.98,85.5,5.0,33.6,73.2,0
4.2,54741,142,12.66,99.1,27.5,29.8,24.6,0
6.5,96724,210,12.15,96.1,29.1,32.8,12.9,1
8.6,115125,80,12.13,90.7,61.6,31.0,60.1,0
4.7,77792,228,12.48,88.3,70.4,26.8,2.0,1
11.7,179465,280,12.56,77.8,92.5,25.4,12.5,1
11.6,198823,46,12.44,84.0,54.3,33.2,84.3,0
3.4,51327,450,12.49,103.4,5.0,30.7,5.4,1
6.2,91365,54,13.11,82.7,5.0,30.7,80.2,0
4.0,53496,53,12.83,92.2,14.1,34.7,97.4,0
3.8,58310,45,12.44,97.5,44.4,36.3,99.4,0
0.9,15956,270,12.77,82.8,40.0,31.6,2.0,1
7.5,122919,127,11.89,92.2,61.5,31.4,52.7,0
6.3,75512,39,12.53,97.1,64.1,34.1,84.3,0
1.1,24842,96,13.16,91.1,47.8,28.2,57.0,0
3.7,73601,149,12.25,109.6,55.0,33.2,8.6,1
10.9,168491,49,11.97,80.2,86.2,34.3,73.8,0
3.3,70258,246,12.06,97.9,39.7,34.7,2.0,1
2.2,28620,220,11.86,89.9,82.9,26.3,8.3,1
6.1,76207,115,12.0,96.0,79.3,30.1,53.2,0
11.8,117875,413,12.18,93.9,75.0,29.7,2.0,1
3.3,61063,86,11.72,86.2,30.1,32.8,56.8,0
8.2,134564,450,12.36,92.5,97.2,34.0,11.2,1
9.3,132388,142,12.76,78.9,77.0,37.3,27.1,1
3.2,51801,123,11.94,94.9,8.8,30.9,45.8,0
8.9,103731,38,13.03,92.9,36.4,30.9,84.5,0
4.7,103555,254,12.58,95.2,45.7,36.2,3.4,1
7.8,117625,88,12.81,97.9,48.1,33.4,53.3,0
7.8,115618,56,12.05,93.4,52.5,36.6,59.8,0
6.7,112229,28,12.73,92.0,47.6,33.4,74.8,0
1.5,31116,102,11.86,85.3,52.4,28.8,56.1,0
10.1,151321,126,12.75,86.4,43.4,28.2,37.2,0
4.2,55676,183,12.43,98.7,15.0,27.5,7.1,1
2.6,43122,281,12.6,100.3,93.5,34.6,2.0,1
1.0,21573,54,11.82,89.5,42.5,36.3,69.9,0
7.3,134121,174,11.95,91.3,88.6,38.4,23.5,1
8.3,152566,67,12.62,85.1,39.0,35.2,63.1,0
0.7,14989,227,11.92,98.6,30.7,36.2,2.0,1
6.4,81313,211,12.56,95.3,76.2,30.6,7.4,1
3.1,45345,103,11.73,103.6,5.0,28.8,46.5,0
7.9,118515,153,12.73,85.3,67.2,35.2,23.8,1
2.5,45978,56,11.8,88.5,22.0,33.8,88.1,0
8.4,92209,102,12.6,92.5,6.6,32.8,48.8,0
4.9,94051,227,12.63,95.2,21.0,33.7,2.9,1
11.3,161809,98,12.04,89.6,42.9,33.5,39.2,0
2.1,33321,64,12.61,85.3,75.9,36.6,65.8,0
4.4,53070,113,12.47,96.7,5.0,36.6,49.6,0
1.8,24867,226,12.11,95.7,37.5,34.2,2.0,1
11.1,188400,68,11.9,85.0,9.8,35.2,68.0,0
10.6,157006,55,11.47,99.8,63.2,34.1,73.5,0
3.5,45904,156,12.51,98.6,13.4,31.0,22.4,0
8.1,96139,214,11.65,91.9,16.6,34.9,10.4,1
9.9,134088,54,12.39,91.5,79.6,28.0,76.3,0
6.9,128811,50,12.23,94.6,83.9,35.9,89.8,0
6.6,94884,43,12.66,85.4,14.5,28.7,68.6,0
3.3,38896,88,12.21,91.2,88.5,33.4,57.4,0
1.6,29743,101,12.2,77.0,44.0,29.8,50.3,0
10.8,153276,164,12.68,96.7,29.9,34.3,7.3,0
10.9,83609,131,12.5,80.9,85.0,32.4,44.1,0
7.8,111768,117,12.49,100.8,54.8,27.4,64.7,0
4.4,67288,80,12.56,88.9,23.2,33.8,59.8,0
4.5,75281,228,11.66,89.6,65.3,30.7,5.1,1
8.8,173361,85,12.69,86.9,87.0,35.3,58.3,0
10.8,187289,450,12.63,89.1,26.4,32.5,2.0,1
10.7,149968,139,11.89,100.2,41.6,33.8,12.3,1
9.5,109131,33,12.24,75.0,49.5,29.4,76.4,0
7.9,168075,152,12.33,99.3,63.9,30.6,10.1,1
1.5,26378,77,12.29,93.2,35.7,31.0,78.5,0
2.4,39797,140,12.5,83.2,83.7,35.2,28.8,1
10.8,154358,28,12.99,84.0,55.0,37.9,82.5,0
7.5,116231,59,12.84,101.9,75.0,29.9,79.4,0
0.6,17164,239,11.76,84.9,46.7,35.9,2.0,1
1.7,24680,57,12.63,83.5,60.0,25.6,63.8,0
8.1,105474,225,12.95,98.4,38.9,28.7,2.0,1
0.6,9958,48,12.52,93.2,15.5,29.4,86.3,0
2.3,36834,129,12.84,84.9,80.3,28.2,40.5,0
6.8,90066,156,13.2,92.4,20.2,27.4,24.5,0
8.5,127019,96,12.81,84.3,71.0,33.8,52.8,0
8.0,110723,52,12.46,98.2,65.4,31.8,78.0,0
3.1,59812,66,12.82,97.9,29.1,33.7,69.0,0
8.7,70824,48,12.42,94.5,73.3,34.7,65.7,0
3.2,59981,78,12.36,93.4,16.4,33.3,61.5,0
4.2,82507,156,12.19,102.4,90.4,34.6,11.3,1
9.1,83187,325,13.05,91.0,76.0,32.3,2.0,1
8.0,112323,269,11.98,83.3,32.6,28.7,2.0,1
10.3,139426,177,13.04,93.9,12.5,35.9,36.9,0
8.1,89931,214,12.57,104.6,98.0,30.6,2.0,1
7.0,92558,165,11.72,84.4,5.0,29.5,3.5,1
1.6,25242,68,12.52,88.7,38.1,31.9,64.7,0
4.7,96847,306,11.4,93.7,14.1,29.6,5.2,1
3.5,61028,152,12.63,90.6,34.6,31.2,40.7,0
3.3,59624,110,12.75,84.6,39.1,33.6,39.1,0
11.7,192540,38,12.08,98.3,39.3,33.6,65.2,0
5.0,62744,96,12.41,106.1,38.7,29.6,60.2,0
10.8,140705,80,13.2,92.3,34.9,30.9,46.2,0
7.8,120740,252,12.12,85.1,71.0,35.9,2.0,1
9.6,108196,131,11.87,80.9,36.3,34.1,31.9,0
6.3,108273,69,13.02,92.7,21.3,39.1,64.8,0
7.1,99130,450,13.2,98.2,17.1,36.3,6.9,1
6.2,85106,55,12.35,94.1,85.1,36.2,65.7,0
2.7,47127,103,12.81,91.0,16.3,28.1,45.8,0
8.8,137938,48,12.95,87.2,12.1,34.9,75.9,0
3.7,51395,176,12.02,83.9,5.0,32.3,13.5,0
0.8,19327,319,12.13,96.4,45.0,30.7,2.0,1
7.9,92049,73,12.9,96.9,12.6,33.0,67.9,0
2.5,47824,231,13.11,81.0,24.6,35.5,8.4,1
11.3,179061,65,12.6,101.3,98.0,34.1,71.4,1
11.5,158026,301,11.95,94.7,60.3,29.7,4.5,1
11.0,172320,173,13.2,100.1,83.7,34.9,2.0,1
4.8,58924,212,12.11,82.3,35.6,30.5,2.0,1
0.7,17318,35,12.2,82.1,53.5,33.2,87.3,0
11.2,155888,378,12.5,90.0,30.4,31.5,7.3,1
5.4,73513,172,13.05,94.3,59.2,31.8,7.1,0
11.6,200452,77,12.73,102.7,36.2,35.0,54.9,0
11.6,151702,222,12.54,95.6,41.7,29.2,2.0,1
10.3,115328,47,12.56,89.4,71.0,38.7,81.9,0
3.9,45745,237,12.37,84.3,5.0,26.7,10.3,1
4.9,84313,36,12.6,99.0,58.7,30.6,77.9,0
10.3,116822,176,11.21,84.7,54.7,33.7,21.1,0
4.1,78688,104,12.22,101.6,85.8,34.4,49.2,1
2.4,28039,43,12.46,89.2,68.8,32.2,77.3,0
6.9,135584,48,11.83,101.3,6.4,32.3,73.9,1
11.3,167067,23,12.52,95.4,67.9,33.8,96.0,0
8.5,124525,109,12.26,90.1,61.4,31.8,48.8,0
7.1,92775,75,13.14,87.6,12.4,37.0,85.3,0
1.6,30546,114,13.06,88.8,57.9,35.2,34.5,0
7.6,108077,64,12.14,93.8,66.4,35.3,73.2,0
11.9,204785,50,12.28,91.5,61.9,29.4,69.7,0
2.1,38206,176,12.32,87.1,77.9,32.2,3.3,1
6.5,97659,39,12.15,89.9,9.7,31.5,80.4,0
10.6,145950,271,12.44,91.5,23.2,29.3,2.0,1
9.0,133343,230,12.01,77.2,93.4,33.7,29.2,1
8.5,135190,145,11.84,94.0,13.8,30.8,25.7,1
8.6,87300,141,12.63,84.6,96.2,34.6,18.2,1
4.6,54453,290,12.63,83.5,12.2,29.1,2.7,1
3.9,64690,34,11.99,80.0,66.4,38.0,62.3,0
9.8,151436,46,12.75,79.3,37.1,29.6,76.1,0
9.8,142329,53,12.07,82.2,25.5,33.2,73.7,0
10.5,153401,198,12.46,86.4,33.6,35.0,8.9,1
11.0,172328,40,12.72,103.7,87.3,30.7,89.7,1
6.4,86884,138,12.33,87.6,96.8,35.2,26.0,1
6.3,82538,450,12.55,92.2,60.7,28.6,2.0,1
9.7,142978,243,12.12,93.6,41.9,37.1,2.0,1
8.0,100181,104,12.26,91.9,38.1,32.5,36.7,0
8.6,131788,45,12.26,90.5,88.1,30.6,80.6,1
9.7,102649,215,12.01,83.2,14.9,31.5,2.0,1
10.7,186167,130,12.27,100.4,17.9,35.1,30.9,0
4.4,74270,36,11.65,102.7,66.1,30.6,72.0,1
4.8,72843,44,12.13,80.1,66.1,30.1,83.5,0
1.6,30440,283,12.22,84.3,69.9,31.8,18.0,1
7.2,133979,138,12.23,89.2,98.0,28.7,18.0,1
0.9,19984,237,12.24,84.7,61.8,38.3,2.0,1
5.9,57719,246,12.32,94.3,35.1,30.7,2.0,1
6.7,82299,121,12.57,86.3,70.3,35.2,39.7,0
3.8,53635,98,12.74,105.1,35.5,33.2,53.2,0
7.3,107044,73,12.06,98.7,57.6,29.3,59.0,0
0.9,18187,53,11.81,92.4,78.2,32.5,71.5,1
0.9,16904,79,11.88,97.7,24.1,35.0,64.2,0
10.0,150894,204,12.13,98.2,38.2,31.9,10.4,1
4.6,62350,121,12.19,87.3,13.6,36.3,19.9,0
2.0,33814,289,12.0,85.7,81.8,35.8,2.0,1
6.5,74178,95,11.77,91.5,58.3,35.4,54.6,0
9.4,119314,128,12.14,96.6,88.2,31.0,26.8,1
3.0,40482,140,12.43,91.9,80.7,29.0,47.3,0
7.7,92258,127,12.62,80.7,5.0,30.5,30.1,0
1.5,34088,170,12.1,85.8,70.1,33.1,14.6,1
1.1,15654,50,12.16,90.5,11.1,34.2,80.6,0
6.6,144592,101,11.93,90.5,30.3,25.6,43.6,0
6.7,107372,53,12.34,103.8,13.8,32.5,55.0,0
7.8,122268,97,11.97,82.0,72.0,33.0,47.2,0
8.9,113854,115,12.61,94.3,28.1,31.6,52.8,0
11.7,193083,141,11.55,100.7,25.2,36.6,26.1,1
6.4,89180,368,12.19,105.8,98.0,33.8,2.0,1
4.2,64719,128,12.49,88.4,48.1,36.7,45.3,0
9.6,199400,177,12.43,94.2,32.7,31.8,8.2,0
3.6,54960,95,13.2,94.7,21.8,35.5,47.4,0
5.5,97004,141,12.51,92.3,15.8,37.7,31.0,0
1.4,24726,25,11.9,90.4,60.6,36.7,95.2,0
0.8,15781,54,12.31,93.8,18.7,29.0,96.8,0
11.6,223014,89,11.55,75.0,98.0,31.7,63.8,1
10.1,132868,88,12.31,95.4,62.8,31.4,67.6,0
8.5,166163,18,11.98,91.8,61.7,34.1,85.9,0
5.2,85108,29,12.76,89.6,83.3,34.7,75.2,1
2.5,40291,79,12.1,104.3,97.1,29.8,61.1,1
2.3,45203,419,12.3,86.6,5.0,32.7,2.0,1
3.4,61398,69,12.06,88.4,19.6,26.0,54.7,0
6.8,112871,111,13.13,103.9,39.0,37.1,42.7,0
8.7,95946,63,12.21,85.6,15.6,30.9,72.5,0
8.1,101980,125,13.17,87.4,25.7,32.7,41.1,0
3.7,55788,71,12.72,90.0,17.0,31.5,69.5,0
11.5,163786,63,12.57,96.5,58.2,36.2,71.4,0
9.0,142916,113,12.52,92.4,25.9,23.4,38.4,0
6.9,104246,16,12.53,82.6,25.4,32.4,86.9,0
7.5,82879,42,11.48,87.5,83.1,32.2,67.0,1
5.3,81824,56,12.22,87.1,98.0,31.0,89.8,0
3.3,55078,24,12.73,90.5,5.3,38.0,88.1,0
4.6,80445,37,12.33,93.8,56.5,29.7,79.3,0
9.2,160309,57,11.72,93.7,65.6,35.0,62.2,1
0.7,20431,193,12.33,79.5,37.3,33.6,32.9,0
1.8,33254,130,13.12,97.9,70.1,36.5,24.3,1
1.0,18720,89,12.91,92.6,32.2,30.4,51.2,0
1.0,15585,63,12.32,100.0,31.5,30.2,72.7,0
10.3,161349,324,12.78,93.9,77.7,36.0,6.0,1
8.6,127595,68,12.19,98.2,93.2,33.9,75.6,1
6.0,94510,54,11.58,94.0,20.4,27.6,91.1,0
1.6,21293,124,11.93,99.8,30.3,30.8,43.1,0
6.2,76476,34,13.05,94.4,56.1,33.7,72.4,0
5.9,106083,67,12.23,90.4,5.0,35.2,63.9,0
2.5,37855,96,12.24,105.8,74.4,30.3,55.1,1
5.5,88693,238,12.22,96.8,98.0,23.2,20.7,1
5.1,79765,110,13.2,94.7,83.5,34.2,31.0,0
7.6,112394,177,13.08,82.7,47.1,28.6,23.5,0
7.8,130020,450,13.2,82.6,88.7,26.0,2.0,1
1.0,22936,49,12.28,92.9,42.7,23.4,83.9,0
4.8,70930,71,12.48,91.9,60.1,35.1,63.5,0
7.7,106428,95,11.67,87.0,45.7,32.9,44.1,0
6.3,91046,85,13.01,91.9,5.0,31.8,65.0,0
10.3,140809,79,11.82,101.3,16.5,36.9,67.0,0
8.1,120672,283,12.45,95.5,79.3,34.5,9.7,1
2.4,33362,173,11.86,83.6,69.2,37.7,13.4,1
1.3,26905,142,12.09,90.3,68.2,28.0,23.0,1
7.9,95597,57,11.97,85.8,46.2,32.4,55.9,0
0.8,18430,214,12.08,88.5,39.7,27.3,8.2,1
7.2,95853,383,12.11,88.3,17.7,31.8,4.2,1
11.3,205375,228,12.1,87.9,47.5,31.7,2.0,1
7.1,113123,45,12.73,82.8,53.6,34.5,72.1,0
5.0,90812,148,11.85,90.2,7.3,32.6,21.3,0
7.9,88159,30,12.45,87.4,98.0,34.5,70.2,0
5.8,89081,63,12.9,75.0,85.7,34.8,60.3,0
6.8,116903,40,12.12,104.3,62.3,39.4,68.7,0
11.3,167122,115,12.03,98.1,88.9,31.5,38.4,1
4.9,87730,157,12.25,88.6,98.0,29.5,14.1,1
11.6,149856,48,12.88,91.1,44.6,33.3,59.7,0
10.9,200300,69,12.44,83.4,42.3,29.9,85.7,0
2.8,59935,104,12.11,102.0,42.2,37.2,60.5,0
1.3,20547,81,12.57,103.3,49.0,31.6,51.7,0
1.7,26320,58,11.85,92.0,47.1,30.7,73.7,0
0.7,17825,71,12.66,97.7,43.4,31.0,68.7,0
1.6,37089,172,12.53,92.1,70.5,34.8,25.9,0
8.4,113912,39,12.21,82.3,45.5,32.0,72.3,0
1.3,25231,30,11.97,88.3,58.3,30.4,95.9,0
4.2,57507,83,11.95,91.9,31.4,37.8,53.0,0
10.2,114017,349,12.59,88.0,39.1,29.8,2.0,1
0.8,14835,135,12.9,89.6,45.6,32.6,39.7,0
9.9,115515,153,12.06,90.4,63.6,34.6,36.4,0
3.7,49276,77,12.56,90.5,5.0,27.3,87.4,0
1.9,33946,122,11.41,91.3,57.0,34.0,27.0,0
8.5,127256,44,12.09,84.1,81.1,29.1,85.0,1
7.7,144517,150,12.34,86.3,15.8,35.1,20.9,0
10.6,125561,303,11.94,82.7,80.4,29.4,7.8,1
9.0,149476,139,11.93,97.4,27.8,34.7,15.8,0
9.7,135079,254,12.05,77.3,5.0,36.0,2.0,1
3.7,61752,184,12.48,98.5,32.6,35.3,2.0,1
2.5,48266,48,12.27,100.0,5.0,33.3,76.8,0
9.1,111894,292,11.34,89.0,56.3,31.8,2.0,1
9.8,152152,48,11.4,75.0,29.7,30.7,82.6,0
11.9,174297,104,12.08,88.7,98.0,37.2,58.3,1
5.2,86273,55,12.56,90.6,68.8,30.3,78.5,0
4.8,75984,18,11.11,84.4,84.6,29.2,100.0,1
9.4,198633,82,12.13,87.7,38.7,34.6,63.2,0
4.4,57608,60,12.11,100.9,38.3,30.0,57.8,0
11.2,147885,117,12.97,95.3,29.6,29.5,55.1,0
10.4,132247,135,12.18,85.0,98.0,27.9,26.4,1
5.4,73120,39,12.52,80.6,57.8,31.0,89.6,0
9.1,121233,50,12.41,88.9,56.2,32.2,90.7,0
9.2,161569,120,11.39,89.6,76.1,33.3,44.6,1
1.7,34597,89,12.7,94.2,75.5,35.5,40.5,0
10.9,141943,171,12.45,87.5,18.1,34.2,5.3,0
6.3,80890,140,12.58,94.3,94.6,31.9,43.2,0
10.0,160130,221,13.2,103.6,43.5,31.9,2.0,1
4.2,61893,167,11.41,96.3,44.7,34.1,17.3,0
10.8,177909,98,13.13,90.7,88.3,36.6,58.6,1
5.0,80481,146,12.22,89.8,77.3,32.9,34.0,0
0.6,10901,46,12.48,88.7,25.1,31.0,79.8,0
10.9,202487,80,12.33,98.7,32.0,29.3,57.9,0
1.5,34156,182,12.16,86.9,66.6,27.9,5.9,1
4.2,56055,100,12.09,91.3,40.8,34.6,58.6,0
11.4,157613,220,12.5,91.3,60.9,34.3,5.5,1
11.4,170525,215,11.67,87.7,78.2,34.3,2.0,1
7.1,114470,233,12.69,82.1,57.3,32.1,10.8,1
7.8,127203,308,12.16,93.1,79.1,37.0,2.0,1
5.7,114727,101,11.84,90.6,71.2,31.0,41.0,0
3.9,59769,71,12.15,94.3,30.4,35.6,56.9,0
4.3,60535,140,12.92,87.5,37.3,32.4,20.2,0
8.2,93976,63,12.11,98.9,22.6,30.6,65.8,0
9.2,118320,129,12.51,85.3,53.6,34.4,47.8,0
9.6,136182,170,12.02,102.1,21.3,33.8,6.9,1
9.6,183258,168,12.69,79.6,5.0,33.6,17.9,0
1.5,22881,68,12.66,93.8,70.4,32.8,59.4,0
6.2,97962,58,13.18,94.1,13.2,32.4,68.4,0
1.2,22317,91,12.27,85.8,46.7,40.1,39.4,0
6.8,123177,41,12.65,93.8,51.0,36.3,77.3,0
5.6,115655,258,12.39,99.3,51.6,34.8,2.0,1
10.7,138387,87,12.93,76.6,5.0,32.9,61.9,0
4.5,65678,34,12.03,94.3,38.7,35.7,85.2,0
1.8,33244,24,12.69,75.0,72.2,34.2,76.0,0
2.1,36247,134,12.26,84.7,92.0,32.6,43.8,0
9.3,174439,152,12.32,101.6,90.1,31.5,26.1,1
7.6,127294,79,12.39,87.2,86.6,32.2,62.5,0
1.7,29687,46,12.46,83.4,52.8,22.4,76.9,0
1.5,27534,77,12.3,89.7,50.6,33.2,56.3,0
8.6,147958,73,12.45,104.4,50.4,30.9,65.7,0
1.3,26254,154,13.06,79.1,49.5,37.6,27.8,0
10.0,160137,142,12.79,84.2,75.7,32.6,11.5,1
8.6,150988,92,12.74,100.7,32.6,28.7,48.6,0
1.4,27775,37,12.15,103.1,61.7,32.3,79.0,0
1.5,29151,450,11.95,90.3,77.6,29.2,2.6,1
11.8,187848,78,12.78,82.9,32.7,34.0,72.9,0
4.8,72533,157,12.74,104.6,59.9,33.4,13.8,1
4.8,76535,37,13.01,101.4,65.4,35.6,76.5,0
9.8,171683,94,12.08,95.4,80.8,30.0,47.9,1
11.4,138405,25,12.25,85.7,11.6,32.6,79.5,0
11.8,179315,109,11.61,90.7,98.0,28.1,42.0,1
9.2,129026,387,12.17,90.0,86.8,34.7,7.7,1
4.8,72288,89,12.8,93.2,68.1,34.2,45.0,0
1.5,33265,29,12.14,100.4,93.6,34.1,89.8,1
9.4,143627,16,12.64,96.7,23.7,32.5,75.0,0
6.9,102762,91,12.26,84.0,32.1,33.8,48.9,0
5.4,60660,39,12.5,99.9,16.6,37.6,77.2,0
10.9,176273,28,11.83,93.0,60.1,31.6,100.0,0
1.8,34693,189,12.39,95.5,81.8,32.9,2.8,1
6.2,127852,89,11.0,100.5,83.0,29.0,33.5,1
0.6,15494,50,12.27,83.8,28.3,29.7,55.0,0
5.9,91924,276,11.62,90.8,7.2,32.8,2.0,1
1.1,19116,57,12.89,87.5,41.8,36.0,77.6,0
1.9,43238,376,12.7,80.8,98.0,31.7,3.8,1
1.9,33870,75,12.56,93.3,76.3,31.7,64.2,0
8.0,121422,273,13.03,107.3,60.9,31.2,11.6,1
9.1,150752,119,11.92,79.0,46.9,30.8,35.1,0
7.2,111100,217,13.14,90.8,44.3,33.4,8.9,1
11.6,155662,450,12.77,95.2,52.2,27.7,2.0,1
4.8,77673,51,12.24,91.8,66.9,36.6,65.5,0
3.8,71655,377,12.86,90.3,51.4,30.4,2.0,1
10.5,127179,74,11.85,82.6,83.6,34.8,60.3,1
3.1,47045,79,11.98,92.5,5.0,28.4,60.0,0
11.6,146522,90,12.08,86.1,31.4,34.6,56.1,0
0.6,20293,98,12.11,76.8,41.9,34.7,51.6,0
11.7,122571,47,11.87,98.8,50.3,33.7,67.2,0
1.0,17534,105,12.9,97.2,33.8,29.3,45.6,0
10.7,166066,130,12.23,91.3,78.6,33.3,20.0,1
6.6,123183,172,12.51,92.5,70.2,28.7,27.6,1
11.9,171812,221,12.09,98.0,78.8,31.7,2.0,1
1.3,26554,100,11.53,92.5,70.8,35.8,45.1,1
6.9,132402,74,12.47,96.9,85.7,35.0,78.9,0
11.6,123867,58,11.49,89.1,56.7,32.5,58.6,0
6.5,58982,46,12.32,99.5,29.1,29.4,65.7,0
7.7,125941,30,11.73,93.1,74.1,34.6,74.0,1
8.5,115512,65,13.2,92.3,45.1,32.6,66.8,0
5.7,69846,52,12.76,82.7,53.1,25.1,78.3,0
7.7,130230,400,12.4,92.9,95.3,35.0,7.4,1
7.2,114366,109,12.92,85.6,54.0,32.4,71.2,0
10.9,145539,67,11.97,86.9,27.1,36.3,44.0,0
1.0,20395,129,12.59,85.7,67.1,29.0,41.6,0
3.7,64391,60,12.44,84.1,39.0,22.3,64.4,0
11.4,186636,96,12.47,104.8,18.1,33.4,46.1,0
10.7,153354,121,12.92,99.7,34.7,33.4,33.3,0
5.7,115596,86,12.68,103.5,46.7,27.1,47.9,0
7.6,94253,100,12.48,83.1,5.0,29.4,66.8,0
3.7,45797,450,11.61,91.5,5.0,41.3,8.4,1
2.7,39930,247,11.92,82.6,93.0,31.5,2.0,1
5.8,84410,138,12.29,86.5,98.0,34.8,44.5,0
4.6,73026,125,12.39,85.0,53.7,30.4,22.4,0
7.2,106496,139,11.84,99.1,31.7,25.8,17.2,1
1.4,30241,44,13.2,88.4,66.4,32.0,56.2,0
11.7,129598,66,13.03,97.9,92.7,31.7,60.0,1
11.8,211839,48,12.62,94.9,73.9,31.2,77.6,0
8.5,120706,90,12.38,106.0,83.6,32.1,56.0,1
6.7,119737,120,12.25,81.4,37.0,33.3,41.5,0
4.1,68855,63,11.92,99.2,24.4,32.0,54.4,0
9.9,152987,397,12.38,98.5,34.0,28.5,8.0,1
8.4,135217,285,12.47,84.7,13.6,34.1,2.4,1
2.4,44560,160,11.79,97.5,80.2,26.3,27.3,1
11.0,179157,115,12.5,93.2,62.0,25.9,23.6,0
10.0,178860,265,12.28,89.5,98.0,34.9,3.1,1
11.4,172253,59,11.49,85.6,85.7,34.1,58.6,1
8.8,145587,186,11.96,86.3,10.4,32.3,3.0,1
7.6,108446,30,12.16,104.3,29.2,28.0,90.3,0
5.3,99974,217,13.2,91.0,10.5,30.2,2.0,0
11.2,145697,71,12.6,96.1,25.1,31.7,56.0,0
10.5,202516,271,11.75,85.9,42.5,27.4,2.0,1
1.0,21268,334,12.57,85.9,53.2,30.1,2.0,1
0.8,16461,48,11.65,98.0,5.0,34.6,87.5,0
4.8,72438,103,12.84,82.2,50.7,37.1,46.4,0
9.8,126469,450,12.14,88.3,67.5,31.2,11.2,1
11.9,192938,97,12.31,91.2,25.7,34.9,46.2,0
2.2,31553,230,12.95,91.7,63.7,26.4,2.0,1
7.3,102288,128,11.77,89.8,36.9,34.6,28.4,0
4.9,55204,71,11.72,93.6,5.0,29.9,73.3,0
11.7,152772,63,12.09,95.5,40.0,33.5,61.4,0
10.2,86079,69,12.82,95.8,98.0,31.7,71.9,0
10.1,110216,182,11.67,84.6,67.2,36.7,5.2,1
5.9,97289,93,11.08,89.2,10.4,29.7,33.7,0
5.3,90580,95,12.15,98.8,5.2,34.5,46.8,0
3.6,62759,108,12.6,96.8,17.8,31.6,34.2,0
1.1,20228,139,12.89,82.1,16.2,32.0,30.8,0
10.4,148479,234,12.14,93.3,40.1,31.9,2.0,1
9.8,142631,445,12.16,78.1,16.9,29.8,9.3,1
12.0,141483,83,12.87,91.3,28.5,32.5,57.6,0
12.0,218849,207,11.51,103.3,69.9,32.3,2.0,1
6.9,113573,195,12.18,84.8,58.6,33.3,9.1,1
9.3,133734,136,12.44,85.6,98.0,32.8,41.6,1
11.4,162154,369,12.55,96.0,65.4,35.1,2.0,1
10.3,157110,44,12.12,81.0,52.5,35.5,70.3,0
3.3,33371,38,12.37,86.9,74.3,29.1,63.3,0
5.7,85691,247,11.23,94.9,71.6,35.3,2.0,1
2.0,29353,74,12.05,86.9,81.5,28.7,56.8,1
11.5,136492,237,12.55,89.5,5.0,34.4,2.0,1
7.5,102535,277,11.91,95.8,33.9,34.5,2.0,1
3.1,62320,39,12.38,93.7,19.7,26.4,87.4,0
8.2,137334,255,12.55,92.7,5.0,32.8,2.0,1
7.6,105625,100,12.2,88.8,51.9,31.0,49.4,0
4.6,76222,92,12.43,93.4,65.2,30.1,65.8,0
1.8,37189,125,11.92,90.2,98.0,36.8,40.9,1
8.2,141908,328,12.26,94.0,14.4,30.4,2.0,1
6.5,100826,38,12.62,87.8,5.0,29.9,75.0,0
9.4,122914,82,12.42,89.8,83.8,32.7,52.7,1
6.5,107193,147,12.09,84.6,31.1,34.7,18.0,0
10.3,159635,159,12.45,90.8,63.1,32.0,15.1,0
6.8,118745,149,12.67,85.7,64.2,36.2,33.1,0
7.0,110374,35,11.43,83.8,26.8,34.2,80.3,0
10.6,182863,51,12.87,92.7,8.3,25.5,61.0,0
5.1,69927,75,12.2,92.4,81.7,30.8,80.2,0
2.0,43653,215,12.54,96.1,98.0,30.7,3.2,1
0.8,14788,67,12.89,88.2,32.2,34.0,52.4,0
9.2,182931,60,11.73,93.7,19.4,24.1,65.6,1
7.6,99565,360,12.03,94.6,23.8,40.7,2.0,1
8.6,164805,44,12.22,93.9,68.7,34.2,95.0,0
2.9,45265,450,12.0,85.6,5.0,33.0,2.0,1
2.1,32227,162,13.13,92.0,74.4,36.3,28.8,0
0.7,15026,233,11.96,93.4,45.8,40.0,14.0,1
4.5,66301,81,12.1,91.0,37.3,35.3,53.2,0
7.3,116529,31,12.44,77.4,76.0,35.5,81.7,0
5.0,84113,164,11.81,92.0,85.8,32.9,7.6,1
5.5,77941,229,12.17,105.4,62.5,32.0,2.0,1
10.9,156065,184,12.49,88.7,58.8,31.0,7.6,1
4.5,95797,53,12.2,86.3,9.4,29.9,80.1,0
6.4,123426,182,12.31,93.4,83.4,30.3,19.9,1
9.5,146160,174,12.11,93.0,21.3,28.2,5.5,1
5.1,73793,141,11.67,98.8,63.3,32.3,9.8,1
7.7,114127,202,12.49,82.8,59.5,27.1,2.0,1
10.4,170098,236,13.14,95.8,81.5,33.1,2.9,1
11.4,138335,133,12.36,94.8,5.0,32.4,36.0,0
2.2,37578,30,12.45,90.1,70.1,33.0,81.7,0
11.2,115783,96,12.66,93.2,68.4,30.8,53.2,0
6.2,97900,50,11.78,97.7,16.0,42.3,90.2,1
3.5,57371,91,13.12,96.7,21.2,36.9,58.3,0
5.8,78564,95,12.44,83.6,58.3,28.5,48.8,0
11.8,216573,33,13.08,96.3,68.3,33.2,78.5,0
6.2,70128,79,12.02,90.6,31.6,30.6,58.8,0
4.3,48023,32,13.17,91.5,5.5,29.3,100.0,0
7.8,120131,216,12.7,91.5,59.8,28.2,2.0,1
3.3,62087,350,12.6,90.0,26.4,33.9,2.0,1
1.4,34978,34,12.46,98.7,76.9,30.3,78.2,0
2.0,34941,374,12.24,90.5,82.0,35.6,11.0,1
2.0,40075,124,12.89,83.7,98.0,35.7,57.6,0
2.2,36610,51,12.41,88.4,63.2,36.9,79.0,0
2.1,35536,48,11.46,92.2,92.9,29.8,76.8,1
7.9,135852,97,11.85,99.0,13.6,34.0,51.9,0
2.6,43456,200,12.27,94.9,87.2,34.5,2.0,1
4.5,50295,146,12.49,85.5,14.2,31.0,34.5,0
10.8,200016,26,12.32,107.2,39.0,30.0,88.3,0
6.0,108909,36,12.9,92.7,44.2,37.7,86.3,0
8.2,108264,69,11.47,99.3,58.7,33.2,58.4,0
2.5,43901,66,12.41,90.0,98.0,34.5,63.2,0
2.7,44783,72,11.53,94.5,98.0,29.9,59.9,1
1.0,19110,50,12.69,96.5,37.3,28.6,85.2,0
